timestamp, name, memory.used [MiB], memory.total [MiB], utilization.gpu [%]
2026/10/01 08:04:00.794, Tesla T4, 0 MiB, 15360 MiB, 0 %
2026/10/01 08:04:01.796, Tesla T4, 0 MiB, 15360 MiB, 0 %
2026/10/01 08:04:02.798, Tesla T4, 0 MiB, 15360 MiB, 0 %
2026/10/01 08:04:03.802, Tesla T4, 3 MiB, 15360 MiB, 0 %
2026/10/01 08:04:04.806, Tesla T4, 3 MiB, 15360 MiB, 0 %
2026/10/01 08:04:05.816, Tesla T4, 3 MiB, 15360 MiB, 0 %
2026/10/01 08:04:06.828, Tesla T4, 3 MiB, 15360 MiB, 0 %
2026/10/01 08:04:07.837, Tesla T4, 3 MiB, 15360 MiB, 0 %
2026/10/01 08:04:08.839, Tesla T4, 3 MiB, 15360 MiB, 0 %
2026/10/01 08:04:09.843, Tesla T4, 3 MiB, 15360 MiB, 0 %
2026/10/01 08:04:10.850, Tesla T4, 3 MiB, 15360 MiB, 0 %
2026/10/01 08:04:11.860, Tesla T4, 3 MiB, 15360 MiB, 0 %
2026/10/01 08:04:12.864, Tesla T4, 3 MiB, 15360 MiB, 0 %
2026/10/01 08:04:13.866, Tesla T4, 3 MiB, 15360 MiB, 0 %
2026/10/01 08:04:14.869, Tesla T4, 3 MiB, 15360 MiB, 0 %
2026/10/01 08:04:15.874, Tesla T4, 3 MiB, 15360 MiB, 0 %
2026/10/01 08:04:16.877, Tesla T4, 3 MiB, 15360 MiB, 0 %
2026/10/01 08:04:17.879, Tesla T4, 3 MiB, 15360 MiB, 0 %
2026/10/01 08:04:18.882, Tesla T4, 3 MiB, 15360 MiB, 0 %
2026/10/01 08:04:19.885, Tesla T4, 3 MiB, 15360 MiB, 0 %
2026/10/01 08:04:20.887, Tesla T4, 3 MiB, 15360 MiB, 0 %
2026/10/01 08:04:21.891, Tesla T4, 3 MiB, 15360 MiB, 0 %
2026/10/01 08:04:22.893, Tesla T4, 3 MiB, 15360 MiB, 0 %
2026/10/01 08:04:23.897, Tesla T4, 3 MiB, 15360 MiB, 0 %
2026/10/01 08:04:24.900, Tesla T4, 3 MiB, 15360 MiB, 0 %
2026/10/01 08:04:26.004, Tesla T4, 3 MiB, 15360 MiB, 0 %
2026/10/01 08:04:27.011, Tesla T4, 3 MiB, 15360 MiB, 0 %
2026/10/01 08:04:28.014, Tesla T4, 3 MiB, 15360 MiB, 0 %
2026/10/01 08:04:29.016, Tesla T4, 3 MiB, 15360 MiB, 0 %
2026/10/01 08:04:30.019, Tesla T4, 3 MiB, 15360 MiB, 0 %
2026/10/01 08:04:31.021, Tesla T4, 3 MiB, 15360 MiB, 0 %
2026/10/01 08:04:32.024, Tesla T4, 3 MiB, 15360 MiB, 0 %
2026/10/01 08:04:33.027, Tesla T4, 3 MiB, 15360 MiB, 0 %
2026/10/01 08:04:34.034, Tesla T4, 3 MiB, 15360 MiB, 0 %
2026/10/01 08:04:35.044, Tesla T4, 3 MiB, 15360 MiB, 0 %
2026/10/01 08:04:36.065, Tesla T4, 3 MiB, 15360 MiB, 0 %
2026/10/01 08:04:37.080, Tesla T4, 3 MiB, 15360 MiB, 0 %
2026/10/01 08:04:38.084, Tesla T4, 3 MiB, 15360 MiB, 0 %
2026/10/01 08:04:39.087, Tesla T4, 3 MiB, 15360 MiB, 0 %
2026/10/01 08:04:40.091, Tesla T4, 3 MiB, 15360 MiB, 0 %
2026/10/01 08:04:41.093, Tesla T4, 3 MiB, 15360 MiB, 0 %
2026/10/01 08:04:42.096, Tesla T4, 3 MiB, 15360 MiB, 0 %
2026/10/01 08:04:43.099, Tesla T4, 3 MiB, 15360 MiB, 0 %
2026/10/01 08:04:44.103, Tesla T4, 3 MiB, 15360 MiB, 0 %
2026/10/01 08:04:45.117, Tesla T4, 3 MiB, 15360 MiB, 0 %
2026/10/01 08:04:46.132, Tesla T4, 3 MiB, 15360 MiB, 0 %
2026/10/01 08:04:47.134, Tesla T4, 3 MiB, 15360 MiB, 0 %
2026/10/01 08:04:48.137, Tesla T4, 3 MiB, 15360 MiB, 0 %
2026/10/01 08:04:49.140, Tesla T4, 3 MiB, 15360 MiB, 0 %
2026/10/01 08:04:50.156, Tesla T4, 3 MiB, 15360 MiB, 0 %
2026/10/01 08:04:51.170, Tesla T4, 3 MiB, 15360 MiB, 0 %
2026/10/01 08:04:52.184, Tesla T4, 3 MiB, 15360 MiB, 0 %
2026/10/01 08:04:53.188, Tesla T4, 3 MiB, 15360 MiB, 0 %
2026/10/01 08:04:54.191, Tesla T4, 3 MiB, 15360 MiB, 0 %
2026/10/01 08:04:55.193, Tesla T4, 3 MiB, 15360 MiB, 0 %
2026/10/01 08:04:56.196, Tesla T4, 3 MiB, 15360 MiB, 0 %
2026/10/01 08:04:57.199, Tesla T4, 3 MiB, 15360 MiB, 0 %
2026/10/01 08:04:58.202, Tesla T4, 3 MiB, 15360 MiB, 0 %
2026/10/01 08:04:59.204, Tesla T4, 3 MiB, 15360 MiB, 0 %
2026/10/01 08:05:00.207, Tesla T4, 3 MiB, 15360 MiB, 0 %
2026/10/01 08:05:01.210, Tesla T4, 3 MiB, 15360 MiB, 0 %
2026/10/01 08:05:02.213, Tesla T4, 3 MiB, 15360 MiB, 0 %
2026/10/01 08:05:03.232, Tesla T4, 3 MiB, 15360 MiB, 0 %
2026/10/01 08:05:04.235, Tesla T4, 3 MiB, 15360 MiB, 0 %
2026/10/01 08:05:05.237, Tesla T4, 3 MiB, 15360 MiB, 0 %
2026/10/01 08:05:06.241, Tesla T4, 3 MiB, 15360 MiB, 0 %
2026/10/01 08:05:07.249, Tesla T4, 3 MiB, 15360 MiB, 0 %
2026/10/01 08:05:08.251, Tesla T4, 3 MiB, 15360 MiB, 0 %
2026/10/01 08:05:09.254, Tesla T4, 3 MiB, 15360 MiB, 0 %
2026/10/01 08:05:10.256, Tesla T4, 3 MiB, 15360 MiB, 0 %
2026/10/01 08:05:11.259, Tesla T4, 3 MiB, 15360 MiB, 0 %
2026/10/01 08:05:12.263, Tesla T4, 3 MiB, 15360 MiB, 0 %
2026/10/01 08:05:13.267, Tesla T4, 3 MiB, 15360 MiB, 0 %
2026/10/01 08:05:14.269, Tesla T4, 3 MiB, 15360 MiB, 0 %
2026/10/01 08:05:15.272, Tesla T4, 3 MiB, 15360 MiB, 0 %
2026/10/01 08:05:16.274, Tesla T4, 3 MiB, 15360 MiB, 0 %
2026/10/01 08:05:17.277, Tesla T4, 3 MiB, 15360 MiB, 0 %
2026/10/01 08:05:18.279, Tesla T4, 3 MiB, 15360 MiB, 0 %
2026/10/01 08:05:19.282, Tesla T4, 3 MiB, 15360 MiB, 0 %
2026/10/01 08:05:20.285, Tesla T4, 3 MiB, 15360 MiB, 0 %
2026/10/01 08:05:21.288, Tesla T4, 3 MiB, 15360 MiB, 0 %
2026/10/01 08:05:22.292, Tesla T4, 3 MiB, 15360 MiB, 0 %
2026/10/01 08:05:23.294, Tesla T4, 3 MiB, 15360 MiB, 0 %
2026/10/01 08:05:24.297, Tesla T4, 3 MiB, 15360 MiB, 0 %
2026/10/01 08:05:25.300, Tesla T4, 3 MiB, 15360 MiB, 0 %
2026/10/01 08:05:26.306, Tesla T4, 3 MiB, 15360 MiB, 0 %
2026/10/01 08:05:27.311, Tesla T4, 3 MiB, 15360 MiB, 0 %
2026/10/01 08:05:28.314, Tesla T4, 3 MiB, 15360 MiB, 0 %
2026/10/01 08:05:29.316, Tesla T4, 3 MiB, 15360 MiB, 0 %
2026/10/01 08:05:30.319, Tesla T4, 3 MiB, 15360 MiB, 0 %
2026/10/01 08:05:31.322, Tesla T4, 3 MiB, 15360 MiB, 0 %
2026/10/01 08:05:32.324, Tesla T4, 3 MiB, 15360 MiB, 0 %
2026/10/01 08:05:33.327, Tesla T4, 3 MiB, 15360 MiB, 0 %
2026/10/01 08:05:34.330, Tesla T4, 3 MiB, 15360 MiB, 0 %
2026/10/01 08:05:35.332, Tesla T4, 3 MiB, 15360 MiB, 0 %
2026/10/01 08:05:36.335, Tesla T4, 3 MiB, 15360 MiB, 0 %
2026/10/01 08:05:37.338, Tesla T4, 203 MiB, 15360 MiB, 2 %
2026/10/01 08:05:38.342, Tesla T4, 599 MiB, 15360 MiB, 0 %
2026/10/01 08:05:39.343, Tesla T4, 665 MiB, 15360 MiB, 1 %
2026/10/01 08:05:40.346, Tesla T4, 671 MiB, 15360 MiB, 0 %
2026/10/01 08:05:41.347, Tesla T4, 671 MiB, 15360 MiB, 0 %
2026/10/01 08:05:42.349, Tesla T4, 671 MiB, 15360 MiB, 0 %
2026/10/01 08:05:43.352, Tesla T4, 673 MiB, 15360 MiB, 0 %
2026/10/01 08:05:44.357, Tesla T4, 673 MiB, 15360 MiB, 0 %
2026/10/01 08:05:45.361, Tesla T4, 673 MiB, 15360 MiB, 0 %
2026/10/01 08:05:46.362, Tesla T4, 675 MiB, 15360 MiB, 0 %
2026/10/01 08:05:47.364, Tesla T4, 675 MiB, 15360 MiB, 0 %
2026/10/01 08:05:48.369, Tesla T4, 675 MiB, 15360 MiB, 0 %
2026/10/01 08:05:49.370, Tesla T4, 675 MiB, 15360 MiB, 0 %
2026/10/01 08:05:50.383, Tesla T4, 675 MiB, 15360 MiB, 0 %
2026/10/01 08:05:51.384, Tesla T4, 677 MiB, 15360 MiB, 0 %
2026/10/01 08:05:52.388, Tesla T4, 889 MiB, 15360 MiB, 0 %
2026/10/01 08:05:53.393, Tesla T4, 889 MiB, 15360 MiB, 0 %
2026/10/01 08:05:54.398, Tesla T4, 889 MiB, 15360 MiB, 0 %
2026/10/01 08:05:55.405, Tesla T4, 889 MiB, 15360 MiB, 0 %
2026/10/01 08:05:56.407, Tesla T4, 889 MiB, 15360 MiB, 0 %
2026/10/01 08:05:57.408, Tesla T4, 889 MiB, 15360 MiB, 0 %
2026/10/01 08:05:58.410, Tesla T4, 889 MiB, 15360 MiB, 0 %
2026/10/01 08:05:59.411, Tesla T4, 961 MiB, 15360 MiB, 1 %
2026/10/01 08:06:00.413, Tesla T4, 961 MiB, 15360 MiB, 4 %
2026/10/01 08:06:01.414, Tesla T4, 961 MiB, 15360 MiB, 0 %
2026/10/01 08:06:02.418, Tesla T4, 961 MiB, 15360 MiB, 0 %
2026/10/01 08:06:03.421, Tesla T4, 983 MiB, 15360 MiB, 0 %
2026/10/01 08:06:04.424, Tesla T4, 1181 MiB, 15360 MiB, 3 %
2026/10/01 08:06:05.426, Tesla T4, 5457 MiB, 15360 MiB, 100 %
2026/10/01 08:06:06.431, Tesla T4, 5509 MiB, 15360 MiB, 100 %
2026/10/01 08:06:07.432, Tesla T4, 5539 MiB, 15360 MiB, 97 %
2026/10/01 08:06:08.434, Tesla T4, 5539 MiB, 15360 MiB, 100 %
2026/10/01 08:06:09.437, Tesla T4, 5539 MiB, 15360 MiB, 97 %
2026/10/01 08:06:10.439, Tesla T4, 9897 MiB, 15360 MiB, 98 %
2026/10/01 08:06:11.443, Tesla T4, 9899 MiB, 15360 MiB, 43 %
2026/10/01 08:06:12.444, Tesla T4, 9899 MiB, 15360 MiB, 98 %
2026/10/01 08:06:13.448, Tesla T4, 12673 MiB, 15360 MiB, 89 %
2026/10/01 08:06:14.451, Tesla T4, 7355 MiB, 15360 MiB, 100 %
2026/10/01 08:06:15.453, Tesla T4, 7355 MiB, 15360 MiB, 100 %
2026/10/01 08:06:16.455, Tesla T4, 7385 MiB, 15360 MiB, 100 %
2026/10/01 08:06:17.461, Tesla T4, 7385 MiB, 15360 MiB, 100 %
2026/10/01 08:06:18.470, Tesla T4, 7389 MiB, 15360 MiB, 100 %
2026/10/01 08:06:19.472, Tesla T4, 7389 MiB, 15360 MiB, 100 %
2026/10/01 08:06:20.475, Tesla T4, 7569 MiB, 15360 MiB, 100 %
2026/10/01 08:06:21.477, Tesla T4, 7569 MiB, 15360 MiB, 100 %
2026/10/01 08:06:22.483, Tesla T4, 7569 MiB, 15360 MiB, 48 %
2026/10/01 08:06:23.491, Tesla T4, 7569 MiB, 15360 MiB, 77 %
2026/10/01 08:06:24.494, Tesla T4, 7569 MiB, 15360 MiB, 37 %
2026/10/01 08:06:25.495, Tesla T4, 7569 MiB, 15360 MiB, 83 %
2026/10/01 08:06:26.497, Tesla T4, 7569 MiB, 15360 MiB, 100 %
2026/10/01 08:06:27.498, Tesla T4, 10867 MiB, 15360 MiB, 100 %
2026/10/01 08:06:28.501, Tesla T4, 14165 MiB, 15360 MiB, 100 %
2026/10/01 08:06:29.504, Tesla T4, 14165 MiB, 15360 MiB, 100 %
2026/10/01 08:06:30.507, Tesla T4, 14165 MiB, 15360 MiB, 90 %
2026/10/01 08:06:31.513, Tesla T4, 14165 MiB, 15360 MiB, 100 %
2026/10/01 08:06:32.516, Tesla T4, 14165 MiB, 15360 MiB, 100 %
2026/10/01 08:06:33.522, Tesla T4, 14165 MiB, 15360 MiB, 100 %
2026/10/01 08:06:34.526, Tesla T4, 14165 MiB, 15360 MiB, 100 %
2026/10/01 08:06:35.532, Tesla T4, 14165 MiB, 15360 MiB, 100 %
2026/10/01 08:06:36.533, Tesla T4, 14165 MiB, 15360 MiB, 98 %
2026/10/01 08:06:37.537, Tesla T4, 14165 MiB, 15360 MiB, 100 %
2026/10/01 08:06:38.538, Tesla T4, 14165 MiB, 15360 MiB, 97 %
2026/10/01 08:06:39.540, Tesla T4, 14165 MiB, 15360 MiB, 100 %
2026/10/01 08:06:40.543, Tesla T4, 14165 MiB, 15360 MiB, 100 %
2026/10/01 08:06:41.547, Tesla T4, 14165 MiB, 15360 MiB, 100 %
2026/10/01 08:06:42.559, Tesla T4, 14165 MiB, 15360 MiB, 61 %
2026/10/01 08:06:43.568, Tesla T4, 14165 MiB, 15360 MiB, 50 %
2026/10/01 08:06:44.575, Tesla T4, 14165 MiB, 15360 MiB, 41 %
2026/10/01 08:06:45.578, Tesla T4, 14165 MiB, 15360 MiB, 60 %
2026/10/01 08:06:46.581, Tesla T4, 14165 MiB, 15360 MiB, 76 %
2026/10/01 08:06:47.584, Tesla T4, 14165 MiB, 15360 MiB, 91 %
2026/10/01 08:06:48.586, Tesla T4, 14165 MiB, 15360 MiB, 100 %
2026/10/01 08:06:49.588, Tesla T4, 14165 MiB, 15360 MiB, 100 %
2026/10/01 08:06:50.590, Tesla T4, 10435 MiB, 15360 MiB, 100 %
2026/10/01 08:06:51.592, Tesla T4, 10435 MiB, 15360 MiB, 100 %
2026/10/01 08:06:52.593, Tesla T4, 10435 MiB, 15360 MiB, 100 %
2026/10/01 08:06:53.595, Tesla T4, 10437 MiB, 15360 MiB, 98 %
2026/10/01 08:06:54.597, Tesla T4, 10477 MiB, 15360 MiB, 92 %
2026/10/01 08:06:55.600, Tesla T4, 10477 MiB, 15360 MiB, 100 %
2026/10/01 08:06:56.604, Tesla T4, 10477 MiB, 15360 MiB, 100 %
2026/10/01 08:06:57.610, Tesla T4, 10477 MiB, 15360 MiB, 100 %
2026/10/01 08:06:58.612, Tesla T4, 10477 MiB, 15360 MiB, 96 %
2026/10/01 08:06:59.616, Tesla T4, 10477 MiB, 15360 MiB, 100 %
2026/10/01 08:07:00.621, Tesla T4, 10477 MiB, 15360 MiB, 100 %
2026/10/01 08:07:01.623, Tesla T4, 10477 MiB, 15360 MiB, 100 %
2026/10/01 08:07:02.626, Tesla T4, 10477 MiB, 15360 MiB, 98 %
2026/10/01 08:07:03.628, Tesla T4, 10477 MiB, 15360 MiB, 100 %
2026/10/01 08:07:04.630, Tesla T4, 10477 MiB, 15360 MiB, 100 %
2026/10/01 08:07:05.632, Tesla T4, 10477 MiB, 15360 MiB, 100 %
2026/10/01 08:07:06.635, Tesla T4, 10477 MiB, 15360 MiB, 100 %
2026/10/01 08:07:07.638, Tesla T4, 10477 MiB, 15360 MiB, 100 %
2026/10/01 08:07:08.642, Tesla T4, 10477 MiB, 15360 MiB, 100 %
2026/10/01 08:07:09.644, Tesla T4, 10477 MiB, 15360 MiB, 100 %
2026/10/01 08:07:10.647, Tesla T4, 10477 MiB, 15360 MiB, 0 %
2026/10/01 08:07:11.650, Tesla T4, 10477 MiB, 15360 MiB, 80 %
2026/10/01 08:07:12.653, Tesla T4, 10477 MiB, 15360 MiB, 97 %
2026/10/01 08:07:13.659, Tesla T4, 10477 MiB, 15360 MiB, 100 %
2026/10/01 08:07:14.661, Tesla T4, 10477 MiB, 15360 MiB, 100 %
2026/10/01 08:07:15.662, Tesla T4, 10477 MiB, 15360 MiB, 100 %
2026/10/01 08:07:16.664, Tesla T4, 10477 MiB, 15360 MiB, 89 %
2026/10/01 08:07:17.667, Tesla T4, 10477 MiB, 15360 MiB, 98 %
2026/10/01 08:07:18.669, Tesla T4, 10477 MiB, 15360 MiB, 100 %
2026/10/01 08:07:19.672, Tesla T4, 10477 MiB, 15360 MiB, 100 %
2026/10/01 08:07:20.675, Tesla T4, 10477 MiB, 15360 MiB, 100 %
2026/10/01 08:07:21.677, Tesla T4, 10477 MiB, 15360 MiB, 100 %
2026/10/01 08:07:22.679, Tesla T4, 10477 MiB, 15360 MiB, 100 %
2026/10/01 08:07:23.682, Tesla T4, 10477 MiB, 15360 MiB, 100 %
2026/10/01 08:07:24.688, Tesla T4, 10477 MiB, 15360 MiB, 97 %
2026/10/01 08:07:25.691, Tesla T4, 10477 MiB, 15360 MiB, 100 %
2026/10/01 08:07:26.693, Tesla T4, 10477 MiB, 15360 MiB, 98 %
2026/10/01 08:07:27.695, Tesla T4, 10477 MiB, 15360 MiB, 100 %
2026/10/01 08:07:28.697, Tesla T4, 10477 MiB, 15360 MiB, 100 %
2026/10/01 08:07:29.698, Tesla T4, 10477 MiB, 15360 MiB, 98 %
2026/10/01 08:07:30.700, Tesla T4, 10477 MiB, 15360 MiB, 100 %
2026/10/01 08:07:31.702, Tesla T4, 10477 MiB, 15360 MiB, 97 %
2026/10/01 08:07:32.707, Tesla T4, 10477 MiB, 15360 MiB, 100 %
2026/10/01 08:07:33.709, Tesla T4, 10477 MiB, 15360 MiB, 89 %
2026/10/01 08:07:34.711, Tesla T4, 10477 MiB, 15360 MiB, 100 %
2026/10/01 08:07:35.714, Tesla T4, 10477 MiB, 15360 MiB, 100 %
2026/10/01 08:07:36.716, Tesla T4, 10477 MiB, 15360 MiB, 100 %
2026/10/01 08:07:37.721, Tesla T4, 10477 MiB, 15360 MiB, 97 %
2026/10/01 08:07:38.728, Tesla T4, 10477 MiB, 15360 MiB, 100 %
2026/10/01 08:07:39.731, Tesla T4, 10477 MiB, 15360 MiB, 97 %
2026/10/01 08:07:40.733, Tesla T4, 10477 MiB, 15360 MiB, 100 %
2026/10/01 08:07:41.736, Tesla T4, 10477 MiB, 15360 MiB, 98 %
2026/10/01 08:07:42.739, Tesla T4, 10477 MiB, 15360 MiB, 98 %
2026/10/01 08:07:43.744, Tesla T4, 10477 MiB, 15360 MiB, 100 %
2026/10/01 08:07:44.746, Tesla T4, 10477 MiB, 15360 MiB, 100 %
2026/10/01 08:07:45.748, Tesla T4, 10477 MiB, 15360 MiB, 100 %
2026/10/01 08:07:46.749, Tesla T4, 10477 MiB, 15360 MiB, 100 %
2026/10/01 08:07:47.751, Tesla T4, 10477 MiB, 15360 MiB, 100 %
2026/10/01 08:07:48.753, Tesla T4, 10477 MiB, 15360 MiB, 98 %
2026/10/01 08:07:49.757, Tesla T4, 10477 MiB, 15360 MiB, 100 %
2026/10/01 08:07:50.759, Tesla T4, 10477 MiB, 15360 MiB, 100 %
2026/10/01 08:07:51.770, Tesla T4, 10477 MiB, 15360 MiB, 100 %
2026/10/01 08:07:52.772, Tesla T4, 10477 MiB, 15360 MiB, 100 %
2026/10/01 08:07:53.775, Tesla T4, 10477 MiB, 15360 MiB, 100 %
2026/10/01 08:07:54.777, Tesla T4, 10477 MiB, 15360 MiB, 100 %
2026/10/01 08:07:55.779, Tesla T4, 10477 MiB, 15360 MiB, 89 %
2026/10/01 08:07:56.781, Tesla T4, 10477 MiB, 15360 MiB, 100 %
2026/10/01 08:07:57.785, Tesla T4, 10477 MiB, 15360 MiB, 100 %
2026/10/01 08:07:58.787, Tesla T4, 10477 MiB, 15360 MiB, 100 %
2026/10/01 08:07:59.790, Tesla T4, 10477 MiB, 15360 MiB, 98 %
2026/10/01 08:08:00.791, Tesla T4, 10477 MiB, 15360 MiB, 100 %
2026/10/01 08:08:01.793, Tesla T4, 10477 MiB, 15360 MiB, 100 %
2026/10/01 08:08:02.796, Tesla T4, 10477 MiB, 15360 MiB, 100 %
2026/10/01 08:08:03.798, Tesla T4, 10477 MiB, 15360 MiB, 100 %
2026/10/01 08:08:04.802, Tesla T4, 10477 MiB, 15360 MiB, 100 %
2026/10/01 08:08:05.804, Tesla T4, 10477 MiB, 15360 MiB, 98 %
2026/10/01 08:08:06.806, Tesla T4, 10477 MiB, 15360 MiB, 100 %
2026/10/01 08:08:07.808, Tesla T4, 10477 MiB, 15360 MiB, 87 %
2026/10/01 08:08:08.810, Tesla T4, 10477 MiB, 15360 MiB, 100 %
2026/10/01 08:08:09.812, Tesla T4, 10477 MiB, 15360 MiB, 100 %
2026/10/01 08:08:10.814, Tesla T4, 10477 MiB, 15360 MiB, 100 %
2026/10/01 08:08:11.816, Tesla T4, 10477 MiB, 15360 MiB, 100 %
2026/10/01 08:08:12.817, Tesla T4, 10477 MiB, 15360 MiB, 97 %
2026/10/01 08:08:13.819, Tesla T4, 10477 MiB, 15360 MiB, 100 %
2026/10/01 08:08:14.824, Tesla T4, 10477 MiB, 15360 MiB, 100 %
2026/10/01 08:08:15.830, Tesla T4, 10477 MiB, 15360 MiB, 100 %
2026/10/01 08:08:16.838, Tesla T4, 10477 MiB, 15360 MiB, 100 %
2026/10/01 08:08:17.839, Tesla T4, 10477 MiB, 15360 MiB, 100 %
2026/10/01 08:08:18.841, Tesla T4, 10477 MiB, 15360 MiB, 100 %
2026/10/01 08:08:19.843, Tesla T4, 10477 MiB, 15360 MiB, 100 %
2026/10/01 08:08:20.845, Tesla T4, 10477 MiB, 15360 MiB, 100 %
2026/10/01 08:08:21.847, Tesla T4, 10477 MiB, 15360 MiB, 98 %
2026/10/01 08:08:22.850, Tesla T4, 10477 MiB, 15360 MiB, 100 %
2026/10/01 08:08:23.852, Tesla T4, 10477 MiB, 15360 MiB, 100 %
2026/10/01 08:08:24.854, Tesla T4, 10477 MiB, 15360 MiB, 100 %
2026/10/01 08:08:25.856, Tesla T4, 10477 MiB, 15360 MiB, 100 %
2026/10/01 08:08:26.858, Tesla T4, 10477 MiB, 15360 MiB, 100 %
2026/10/01 08:08:27.862, Tesla T4, 10477 MiB, 15360 MiB, 100 %
2026/10/01 08:08:28.865, Tesla T4, 10477 MiB, 15360 MiB, 100 %
2026/10/01 08:08:29.869, Tesla T4, 10477 MiB, 15360 MiB, 100 %
2026/10/01 08:08:30.877, Tesla T4, 10477 MiB, 15360 MiB, 100 %
2026/10/01 08:08:31.879, Tesla T4, 10477 MiB, 15360 MiB, 80 %
2026/10/01 08:08:32.881, Tesla T4, 10477 MiB, 15360 MiB, 97 %
2026/10/01 08:08:33.884, Tesla T4, 10477 MiB, 15360 MiB, 90 %
2026/10/01 08:08:34.885, Tesla T4, 10477 MiB, 15360 MiB, 100 %
2026/10/01 08:08:35.888, Tesla T4, 10477 MiB, 15360 MiB, 100 %
2026/10/01 08:08:36.890, Tesla T4, 10477 MiB, 15360 MiB, 100 %
2026/10/01 08:08:37.892, Tesla T4, 10477 MiB, 15360 MiB, 100 %
2026/10/01 08:08:38.896, Tesla T4, 10477 MiB, 15360 MiB, 100 %
2026/10/01 08:08:39.898, Tesla T4, 10477 MiB, 15360 MiB, 100 %
2026/10/01 08:08:40.901, Tesla T4, 10477 MiB, 15360 MiB, 97 %
2026/10/01 08:08:41.905, Tesla T4, 10477 MiB, 15360 MiB, 100 %
2026/10/01 08:08:42.912, Tesla T4, 10477 MiB, 15360 MiB, 100 %
2026/10/01 08:08:43.913, Tesla T4, 10477 MiB, 15360 MiB, 100 %
2026/10/01 08:08:44.915, Tesla T4, 10477 MiB, 15360 MiB, 100 %
2026/10/01 08:08:45.917, Tesla T4, 10477 MiB, 15360 MiB, 100 %
2026/10/01 08:08:46.920, Tesla T4, 10477 MiB, 15360 MiB, 98 %
2026/10/01 08:08:47.922, Tesla T4, 10477 MiB, 15360 MiB, 100 %
2026/10/01 08:08:48.924, Tesla T4, 10477 MiB, 15360 MiB, 100 %
2026/10/01 08:08:49.926, Tesla T4, 10477 MiB, 15360 MiB, 98 %
2026/10/01 08:08:50.927, Tesla T4, 10477 MiB, 15360 MiB, 100 %
2026/10/01 08:08:51.929, Tesla T4, 10477 MiB, 15360 MiB, 100 %
2026/10/01 08:08:52.932, Tesla T4, 10477 MiB, 15360 MiB, 100 %
2026/10/01 08:08:53.935, Tesla T4, 10477 MiB, 15360 MiB, 100 %
2026/10/01 08:08:54.943, Tesla T4, 10477 MiB, 15360 MiB, 100 %
2026/10/01 08:08:55.952, Tesla T4, 10477 MiB, 15360 MiB, 100 %
2026/10/01 08:08:56.958, Tesla T4, 10477 MiB, 15360 MiB, 97 %
2026/10/01 08:08:57.960, Tesla T4, 10477 MiB, 15360 MiB, 100 %
2026/10/01 08:08:58.962, Tesla T4, 10477 MiB, 15360 MiB, 86 %
2026/10/01 08:08:59.964, Tesla T4, 10477 MiB, 15360 MiB, 100 %
2026/10/01 08:09:00.966, Tesla T4, 10477 MiB, 15360 MiB, 100 %
2026/10/01 08:09:01.969, Tesla T4, 10477 MiB, 15360 MiB, 100 %
2026/10/01 08:09:02.971, Tesla T4, 10477 MiB, 15360 MiB, 100 %
2026/10/01 08:09:03.974, Tesla T4, 10477 MiB, 15360 MiB, 100 %
2026/10/01 08:09:04.976, Tesla T4, 10477 MiB, 15360 MiB, 100 %
2026/10/01 08:09:05.977, Tesla T4, 10477 MiB, 15360 MiB, 98 %
2026/10/01 08:09:06.979, Tesla T4, 10477 MiB, 15360 MiB, 67 %
2026/10/01 08:09:07.984, Tesla T4, 10477 MiB, 15360 MiB, 82 %
2026/10/01 08:09:08.986, Tesla T4, 10477 MiB, 15360 MiB, 96 %
2026/10/01 08:09:09.988, Tesla T4, 10477 MiB, 15360 MiB, 90 %
2026/10/01 08:09:10.990, Tesla T4, 10477 MiB, 15360 MiB, 99 %
2026/10/01 08:09:11.992, Tesla T4, 10477 MiB, 15360 MiB, 100 %
2026/10/01 08:09:12.995, Tesla T4, 10477 MiB, 15360 MiB, 100 %
2026/10/01 08:09:13.997, Tesla T4, 10477 MiB, 15360 MiB, 100 %
2026/10/01 08:09:14.999, Tesla T4, 10477 MiB, 15360 MiB, 97 %
2026/10/01 08:09:16.002, Tesla T4, 10477 MiB, 15360 MiB, 100 %
2026/10/01 08:09:17.004, Tesla T4, 10477 MiB, 15360 MiB, 100 %
2026/10/01 08:09:18.007, Tesla T4, 10477 MiB, 15360 MiB, 100 %
2026/10/01 08:09:19.010, Tesla T4, 10477 MiB, 15360 MiB, 89 %
2026/10/01 08:09:20.015, Tesla T4, 10477 MiB, 15360 MiB, 100 %
2026/10/01 08:09:21.018, Tesla T4, 10477 MiB, 15360 MiB, 100 %
2026/10/01 08:09:22.021, Tesla T4, 10477 MiB, 15360 MiB, 100 %
2026/10/01 08:09:23.025, Tesla T4, 10477 MiB, 15360 MiB, 100 %
2026/10/01 08:09:24.027, Tesla T4, 10477 MiB, 15360 MiB, 97 %
2026/10/01 08:09:25.029, Tesla T4, 10477 MiB, 15360 MiB, 100 %
2026/10/01 08:09:26.031, Tesla T4, 10477 MiB, 15360 MiB, 100 %
2026/10/01 08:09:27.033, Tesla T4, 10477 MiB, 15360 MiB, 100 %
2026/10/01 08:09:28.035, Tesla T4, 10477 MiB, 15360 MiB, 100 %
2026/10/01 08:09:29.038, Tesla T4, 10477 MiB, 15360 MiB, 100 %
2026/10/01 08:09:30.040, Tesla T4, 10477 MiB, 15360 MiB, 98 %
2026/10/01 08:09:31.042, Tesla T4, 14215 MiB, 15360 MiB, 100 %
2026/10/01 08:09:32.045, Tesla T4, 8943 MiB, 15360 MiB, 99 %
2026/10/01 08:09:33.048, Tesla T4, 10813 MiB, 15360 MiB, 100 %
2026/10/01 08:09:34.049, Tesla T4, 10813 MiB, 15360 MiB, 100 %
2026/10/01 08:09:35.051, Tesla T4, 10845 MiB, 15360 MiB, 98 %
2026/10/01 08:09:36.053, Tesla T4, 10845 MiB, 15360 MiB, 100 %
2026/10/01 08:09:37.056, Tesla T4, 10845 MiB, 15360 MiB, 100 %
2026/10/01 08:09:38.060, Tesla T4, 10883 MiB, 15360 MiB, 100 %
2026/10/01 08:09:39.061, Tesla T4, 10883 MiB, 15360 MiB, 98 %
2026/10/01 08:09:40.064, Tesla T4, 10883 MiB, 15360 MiB, 100 %
2026/10/01 08:09:41.067, Tesla T4, 10883 MiB, 15360 MiB, 100 %
2026/10/01 08:09:42.069, Tesla T4, 10883 MiB, 15360 MiB, 100 %
2026/10/01 08:09:43.071, Tesla T4, 10883 MiB, 15360 MiB, 100 %
2026/10/01 08:09:44.074, Tesla T4, 10883 MiB, 15360 MiB, 100 %
2026/10/01 08:09:45.077, Tesla T4, 10883 MiB, 15360 MiB, 100 %
2026/10/01 08:09:46.081, Tesla T4, 10883 MiB, 15360 MiB, 74 %
2026/10/01 08:09:47.083, Tesla T4, 10883 MiB, 15360 MiB, 100 %
2026/10/01 08:09:48.089, Tesla T4, 10883 MiB, 15360 MiB, 96 %
2026/10/01 08:09:49.090, Tesla T4, 10883 MiB, 15360 MiB, 98 %
2026/10/01 08:09:50.092, Tesla T4, 10883 MiB, 15360 MiB, 100 %
2026/10/01 08:09:51.095, Tesla T4, 10883 MiB, 15360 MiB, 86 %
2026/10/01 08:09:52.097, Tesla T4, 10883 MiB, 15360 MiB, 100 %
2026/10/01 08:09:53.099, Tesla T4, 10883 MiB, 15360 MiB, 100 %
2026/10/01 08:09:54.102, Tesla T4, 10883 MiB, 15360 MiB, 90 %
2026/10/01 08:09:55.103, Tesla T4, 10883 MiB, 15360 MiB, 90 %
2026/10/01 08:09:56.105, Tesla T4, 10883 MiB, 15360 MiB, 100 %
2026/10/01 08:09:57.107, Tesla T4, 10883 MiB, 15360 MiB, 100 %
2026/10/01 08:09:58.111, Tesla T4, 10883 MiB, 15360 MiB, 100 %
2026/10/01 08:09:59.114, Tesla T4, 10883 MiB, 15360 MiB, 99 %
2026/10/01 08:10:00.119, Tesla T4, 10883 MiB, 15360 MiB, 100 %
2026/10/01 08:10:01.123, Tesla T4, 10883 MiB, 15360 MiB, 100 %
2026/10/01 08:10:02.125, Tesla T4, 10883 MiB, 15360 MiB, 100 %
2026/10/01 08:10:03.127, Tesla T4, 10883 MiB, 15360 MiB, 100 %
2026/10/01 08:10:04.129, Tesla T4, 10883 MiB, 15360 MiB, 100 %
2026/10/01 08:10:05.131, Tesla T4, 10883 MiB, 15360 MiB, 100 %
2026/10/01 08:10:06.133, Tesla T4, 10883 MiB, 15360 MiB, 100 %
2026/10/01 08:10:07.135, Tesla T4, 10883 MiB, 15360 MiB, 100 %
2026/10/01 08:10:08.138, Tesla T4, 10883 MiB, 15360 MiB, 100 %
2026/10/01 08:10:09.140, Tesla T4, 10883 MiB, 15360 MiB, 100 %
2026/10/01 08:10:10.142, Tesla T4, 10883 MiB, 15360 MiB, 98 %
2026/10/01 08:10:11.146, Tesla T4, 10883 MiB, 15360 MiB, 100 %
2026/10/01 08:10:12.148, Tesla T4, 10883 MiB, 15360 MiB, 100 %
2026/10/01 08:10:13.156, Tesla T4, 10885 MiB, 15360 MiB, 97 %
2026/10/01 08:10:14.157, Tesla T4, 10885 MiB, 15360 MiB, 98 %
2026/10/01 08:10:15.159, Tesla T4, 10885 MiB, 15360 MiB, 100 %
2026/10/01 08:10:16.161, Tesla T4, 10885 MiB, 15360 MiB, 100 %
2026/10/01 08:10:17.164, Tesla T4, 10885 MiB, 15360 MiB, 100 %
2026/10/01 08:10:18.167, Tesla T4, 10885 MiB, 15360 MiB, 78 %
2026/10/01 08:10:19.168, Tesla T4, 10885 MiB, 15360 MiB, 100 %
2026/10/01 08:10:20.170, Tesla T4, 10885 MiB, 15360 MiB, 100 %
2026/10/01 08:10:21.172, Tesla T4, 10885 MiB, 15360 MiB, 0 %
2026/10/01 08:10:22.174, Tesla T4, 10885 MiB, 15360 MiB, 100 %
2026/10/01 08:10:23.176, Tesla T4, 10885 MiB, 15360 MiB, 100 %
2026/10/01 08:10:24.179, Tesla T4, 10885 MiB, 15360 MiB, 100 %
2026/10/01 08:10:25.182, Tesla T4, 10885 MiB, 15360 MiB, 100 %
2026/10/01 08:10:26.185, Tesla T4, 10885 MiB, 15360 MiB, 100 %
2026/10/01 08:10:27.187, Tesla T4, 10885 MiB, 15360 MiB, 100 %
2026/10/01 08:10:28.188, Tesla T4, 10885 MiB, 15360 MiB, 100 %
2026/10/01 08:10:29.190, Tesla T4, 10885 MiB, 15360 MiB, 100 %
2026/10/01 08:10:30.192, Tesla T4, 10885 MiB, 15360 MiB, 100 %
2026/10/01 08:10:31.194, Tesla T4, 10885 MiB, 15360 MiB, 100 %
2026/10/01 08:10:32.196, Tesla T4, 10885 MiB, 15360 MiB, 100 %
2026/10/01 08:10:33.198, Tesla T4, 10885 MiB, 15360 MiB, 100 %
2026/10/01 08:10:34.200, Tesla T4, 10885 MiB, 15360 MiB, 100 %
2026/10/01 08:10:35.202, Tesla T4, 10885 MiB, 15360 MiB, 100 %
2026/10/01 08:10:36.209, Tesla T4, 10885 MiB, 15360 MiB, 97 %
2026/10/01 08:10:37.212, Tesla T4, 10885 MiB, 15360 MiB, 100 %
2026/10/01 08:10:38.219, Tesla T4, 10885 MiB, 15360 MiB, 96 %
2026/10/01 08:10:39.220, Tesla T4, 10885 MiB, 15360 MiB, 100 %
2026/10/01 08:10:40.222, Tesla T4, 10885 MiB, 15360 MiB, 100 %
2026/10/01 08:10:41.224, Tesla T4, 10885 MiB, 15360 MiB, 100 %
2026/10/01 08:10:42.226, Tesla T4, 10885 MiB, 15360 MiB, 100 %
2026/10/01 08:10:43.228, Tesla T4, 10885 MiB, 15360 MiB, 100 %
2026/10/01 08:10:44.231, Tesla T4, 10885 MiB, 15360 MiB, 98 %
2026/10/01 08:10:45.234, Tesla T4, 10885 MiB, 15360 MiB, 97 %
2026/10/01 08:10:46.236, Tesla T4, 10885 MiB, 15360 MiB, 100 %
2026/10/01 08:10:47.238, Tesla T4, 10885 MiB, 15360 MiB, 100 %
2026/10/01 08:10:48.240, Tesla T4, 10885 MiB, 15360 MiB, 100 %
2026/10/01 08:10:49.242, Tesla T4, 10885 MiB, 15360 MiB, 100 %
2026/10/01 08:10:50.244, Tesla T4, 10885 MiB, 15360 MiB, 91 %
2026/10/01 08:10:51.246, Tesla T4, 10885 MiB, 15360 MiB, 97 %
2026/10/01 08:10:52.249, Tesla T4, 10885 MiB, 15360 MiB, 100 %
2026/10/01 08:10:53.251, Tesla T4, 10885 MiB, 15360 MiB, 100 %
2026/10/01 08:10:54.255, Tesla T4, 10885 MiB, 15360 MiB, 100 %
2026/10/01 08:10:55.257, Tesla T4, 10885 MiB, 15360 MiB, 100 %
2026/10/01 08:10:56.259, Tesla T4, 10885 MiB, 15360 MiB, 91 %
2026/10/01 08:10:57.261, Tesla T4, 10885 MiB, 15360 MiB, 100 %
2026/10/01 08:10:58.264, Tesla T4, 10885 MiB, 15360 MiB, 100 %
2026/10/01 08:10:59.267, Tesla T4, 10885 MiB, 15360 MiB, 98 %
2026/10/01 08:11:00.269, Tesla T4, 10885 MiB, 15360 MiB, 100 %
2026/10/01 08:11:01.271, Tesla T4, 10885 MiB, 15360 MiB, 100 %
2026/10/01 08:11:02.273, Tesla T4, 10885 MiB, 15360 MiB, 100 %
2026/10/01 08:11:03.276, Tesla T4, 10885 MiB, 15360 MiB, 100 %
2026/10/01 08:11:04.282, Tesla T4, 10885 MiB, 15360 MiB, 100 %
2026/10/01 08:11:05.285, Tesla T4, 10885 MiB, 15360 MiB, 100 %
2026/10/01 08:11:06.287, Tesla T4, 10885 MiB, 15360 MiB, 90 %
2026/10/01 08:11:07.288, Tesla T4, 10885 MiB, 15360 MiB, 100 %
2026/10/01 08:11:08.293, Tesla T4, 10885 MiB, 15360 MiB, 100 %
2026/10/01 08:11:09.295, Tesla T4, 10885 MiB, 15360 MiB, 100 %
2026/10/01 08:11:10.297, Tesla T4, 10885 MiB, 15360 MiB, 100 %
2026/10/01 08:11:11.300, Tesla T4, 10885 MiB, 15360 MiB, 74 %
2026/10/01 08:11:12.302, Tesla T4, 10885 MiB, 15360 MiB, 96 %
2026/10/01 08:11:13.304, Tesla T4, 10885 MiB, 15360 MiB, 100 %
2026/10/01 08:11:14.306, Tesla T4, 10885 MiB, 15360 MiB, 100 %
2026/10/01 08:11:15.311, Tesla T4, 10885 MiB, 15360 MiB, 100 %
2026/10/01 08:11:16.318, Tesla T4, 10885 MiB, 15360 MiB, 100 %
2026/10/01 08:11:17.320, Tesla T4, 10885 MiB, 15360 MiB, 82 %
2026/10/01 08:11:18.322, Tesla T4, 10885 MiB, 15360 MiB, 100 %
2026/10/01 08:11:19.326, Tesla T4, 10885 MiB, 15360 MiB, 100 %
2026/10/01 08:11:20.328, Tesla T4, 10885 MiB, 15360 MiB, 100 %
2026/10/01 08:11:21.330, Tesla T4, 10885 MiB, 15360 MiB, 98 %
2026/10/01 08:11:22.332, Tesla T4, 10885 MiB, 15360 MiB, 100 %
2026/10/01 08:11:23.334, Tesla T4, 10885 MiB, 15360 MiB, 91 %
2026/10/01 08:11:24.335, Tesla T4, 10885 MiB, 15360 MiB, 100 %
2026/10/01 08:11:25.338, Tesla T4, 10885 MiB, 15360 MiB, 100 %
2026/10/01 08:11:26.339, Tesla T4, 10885 MiB, 15360 MiB, 100 %
2026/10/01 08:11:27.341, Tesla T4, 10885 MiB, 15360 MiB, 100 %
2026/10/01 08:11:28.345, Tesla T4, 10885 MiB, 15360 MiB, 100 %
2026/10/01 08:11:29.350, Tesla T4, 10885 MiB, 15360 MiB, 32 %
2026/10/01 08:11:30.352, Tesla T4, 10885 MiB, 15360 MiB, 100 %
2026/10/01 08:11:31.359, Tesla T4, 10885 MiB, 15360 MiB, 100 %
2026/10/01 08:11:32.362, Tesla T4, 10885 MiB, 15360 MiB, 100 %
2026/10/01 08:11:33.364, Tesla T4, 10885 MiB, 15360 MiB, 97 %
2026/10/01 08:11:34.367, Tesla T4, 10885 MiB, 15360 MiB, 100 %
2026/10/01 08:11:35.369, Tesla T4, 10885 MiB, 15360 MiB, 99 %
2026/10/01 08:11:36.372, Tesla T4, 10885 MiB, 15360 MiB, 100 %
2026/10/01 08:11:37.373, Tesla T4, 10885 MiB, 15360 MiB, 100 %
2026/10/01 08:11:38.375, Tesla T4, 10885 MiB, 15360 MiB, 100 %
2026/10/01 08:11:39.377, Tesla T4, 10885 MiB, 15360 MiB, 100 %
2026/10/01 08:11:40.381, Tesla T4, 10885 MiB, 15360 MiB, 100 %
2026/10/01 08:11:41.387, Tesla T4, 10885 MiB, 15360 MiB, 99 %
2026/10/01 08:11:42.392, Tesla T4, 10885 MiB, 15360 MiB, 87 %
2026/10/01 08:11:43.393, Tesla T4, 10885 MiB, 15360 MiB, 100 %
2026/10/01 08:11:44.395, Tesla T4, 10885 MiB, 15360 MiB, 100 %
2026/10/01 08:11:45.397, Tesla T4, 10885 MiB, 15360 MiB, 90 %
2026/10/01 08:11:46.400, Tesla T4, 10885 MiB, 15360 MiB, 100 %
2026/10/01 08:11:47.403, Tesla T4, 10885 MiB, 15360 MiB, 100 %
2026/10/01 08:11:48.405, Tesla T4, 10885 MiB, 15360 MiB, 80 %
2026/10/01 08:11:49.407, Tesla T4, 10885 MiB, 15360 MiB, 91 %
2026/10/01 08:11:50.409, Tesla T4, 10885 MiB, 15360 MiB, 100 %
2026/10/01 08:11:51.411, Tesla T4, 10885 MiB, 15360 MiB, 100 %
2026/10/01 08:11:52.413, Tesla T4, 10885 MiB, 15360 MiB, 100 %
2026/10/01 08:11:53.417, Tesla T4, 10885 MiB, 15360 MiB, 100 %
2026/10/01 08:11:54.422, Tesla T4, 10885 MiB, 15360 MiB, 82 %
2026/10/01 08:11:55.430, Tesla T4, 10885 MiB, 15360 MiB, 100 %
2026/10/01 08:11:56.437, Tesla T4, 10885 MiB, 15360 MiB, 100 %
2026/10/01 08:11:57.439, Tesla T4, 10885 MiB, 15360 MiB, 100 %
2026/10/01 08:11:58.441, Tesla T4, 10885 MiB, 15360 MiB, 100 %
2026/10/01 08:11:59.443, Tesla T4, 10885 MiB, 15360 MiB, 100 %
2026/10/01 08:12:00.445, Tesla T4, 10885 MiB, 15360 MiB, 100 %
2026/10/01 08:12:01.448, Tesla T4, 10885 MiB, 15360 MiB, 100 %
2026/10/01 08:12:02.451, Tesla T4, 10885 MiB, 15360 MiB, 100 %
2026/10/01 08:12:03.453, Tesla T4, 10885 MiB, 15360 MiB, 100 %
2026/10/01 08:12:04.455, Tesla T4, 10885 MiB, 15360 MiB, 98 %
2026/10/01 08:12:05.457, Tesla T4, 10885 MiB, 15360 MiB, 100 %
2026/10/01 08:12:06.459, Tesla T4, 10885 MiB, 15360 MiB, 100 %
2026/10/01 08:12:07.462, Tesla T4, 10885 MiB, 15360 MiB, 100 %
2026/10/01 08:12:08.471, Tesla T4, 10885 MiB, 15360 MiB, 100 %
2026/10/01 08:12:09.479, Tesla T4, 10885 MiB, 15360 MiB, 100 %
2026/10/01 08:12:10.481, Tesla T4, 10885 MiB, 15360 MiB, 100 %
2026/10/01 08:12:11.484, Tesla T4, 10885 MiB, 15360 MiB, 100 %
2026/10/01 08:12:12.486, Tesla T4, 10885 MiB, 15360 MiB, 90 %
2026/10/01 08:12:13.488, Tesla T4, 6481 MiB, 15360 MiB, 100 %
2026/10/01 08:12:14.490, Tesla T4, 11541 MiB, 15360 MiB, 100 %
2026/10/01 08:12:15.492, Tesla T4, 11541 MiB, 15360 MiB, 100 %
2026/10/01 08:12:16.496, Tesla T4, 11583 MiB, 15360 MiB, 85 %
2026/10/01 08:12:17.497, Tesla T4, 11583 MiB, 15360 MiB, 100 %
2026/10/01 08:12:18.501, Tesla T4, 11583 MiB, 15360 MiB, 100 %
2026/10/01 08:12:19.503, Tesla T4, 11583 MiB, 15360 MiB, 82 %
2026/10/01 08:12:20.510, Tesla T4, 11583 MiB, 15360 MiB, 97 %
2026/10/01 08:12:21.512, Tesla T4, 11583 MiB, 15360 MiB, 99 %
2026/10/01 08:12:22.517, Tesla T4, 11583 MiB, 15360 MiB, 100 %
2026/10/01 08:12:23.519, Tesla T4, 11583 MiB, 15360 MiB, 98 %
2026/10/01 08:12:24.522, Tesla T4, 11583 MiB, 15360 MiB, 100 %
2026/10/01 08:12:25.523, Tesla T4, 11583 MiB, 15360 MiB, 100 %
2026/10/01 08:12:26.527, Tesla T4, 11583 MiB, 15360 MiB, 100 %
2026/10/01 08:12:27.529, Tesla T4, 11583 MiB, 15360 MiB, 100 %
2026/10/01 08:12:28.531, Tesla T4, 11583 MiB, 15360 MiB, 98 %
2026/10/01 08:12:29.536, Tesla T4, 11583 MiB, 15360 MiB, 100 %
2026/10/01 08:12:30.539, Tesla T4, 11583 MiB, 15360 MiB, 100 %
2026/10/01 08:12:31.541, Tesla T4, 11583 MiB, 15360 MiB, 100 %
2026/10/01 08:12:32.545, Tesla T4, 13729 MiB, 15360 MiB, 100 %
2026/10/01 08:12:33.547, Tesla T4, 12129 MiB, 15360 MiB, 100 %
2026/10/01 08:12:34.554, Tesla T4, 12129 MiB, 15360 MiB, 100 %
2026/10/01 08:12:35.556, Tesla T4, 12129 MiB, 15360 MiB, 100 %
2026/10/01 08:12:36.558, Tesla T4, 12131 MiB, 15360 MiB, 100 %
2026/10/01 08:12:37.560, Tesla T4, 12171 MiB, 15360 MiB, 100 %
2026/10/01 08:12:38.561, Tesla T4, 12171 MiB, 15360 MiB, 100 %
2026/10/01 08:12:39.564, Tesla T4, 12171 MiB, 15360 MiB, 100 %
2026/10/01 08:12:40.567, Tesla T4, 12171 MiB, 15360 MiB, 100 %
2026/10/01 08:12:41.569, Tesla T4, 12171 MiB, 15360 MiB, 100 %
2026/10/01 08:12:42.571, Tesla T4, 12171 MiB, 15360 MiB, 100 %
2026/10/01 08:12:43.573, Tesla T4, 12171 MiB, 15360 MiB, 100 %
2026/10/01 08:12:44.577, Tesla T4, 12171 MiB, 15360 MiB, 100 %
2026/10/01 08:12:45.579, Tesla T4, 12171 MiB, 15360 MiB, 100 %
2026/10/01 08:12:46.587, Tesla T4, 12171 MiB, 15360 MiB, 100 %
2026/10/01 08:12:47.591, Tesla T4, 12171 MiB, 15360 MiB, 90 %
2026/10/01 08:12:48.593, Tesla T4, 12171 MiB, 15360 MiB, 97 %
2026/10/01 08:12:49.595, Tesla T4, 12171 MiB, 15360 MiB, 89 %
2026/10/01 08:12:50.597, Tesla T4, 12171 MiB, 15360 MiB, 100 %
2026/10/01 08:12:51.599, Tesla T4, 12171 MiB, 15360 MiB, 100 %
2026/10/01 08:12:52.601, Tesla T4, 12171 MiB, 15360 MiB, 90 %
2026/10/01 08:12:53.604, Tesla T4, 12171 MiB, 15360 MiB, 90 %
2026/10/01 08:12:54.606, Tesla T4, 12171 MiB, 15360 MiB, 98 %
2026/10/01 08:12:55.609, Tesla T4, 12171 MiB, 15360 MiB, 100 %
2026/10/01 08:12:56.611, Tesla T4, 12171 MiB, 15360 MiB, 100 %
2026/10/01 08:12:57.617, Tesla T4, 12171 MiB, 15360 MiB, 100 %
2026/10/01 08:12:58.619, Tesla T4, 12171 MiB, 15360 MiB, 96 %
2026/10/01 08:12:59.625, Tesla T4, 12171 MiB, 15360 MiB, 100 %
2026/10/01 08:13:00.631, Tesla T4, 12171 MiB, 15360 MiB, 100 %
2026/10/01 08:13:01.634, Tesla T4, 12171 MiB, 15360 MiB, 100 %
2026/10/01 08:13:02.635, Tesla T4, 12171 MiB, 15360 MiB, 100 %
2026/10/01 08:13:03.639, Tesla T4, 12171 MiB, 15360 MiB, 98 %
2026/10/01 08:13:04.641, Tesla T4, 12171 MiB, 15360 MiB, 100 %
2026/10/01 08:13:05.643, Tesla T4, 12171 MiB, 15360 MiB, 100 %
2026/10/01 08:13:06.645, Tesla T4, 12171 MiB, 15360 MiB, 100 %
2026/10/01 08:13:07.646, Tesla T4, 12171 MiB, 15360 MiB, 100 %
2026/10/01 08:13:08.649, Tesla T4, 12171 MiB, 15360 MiB, 98 %
2026/10/01 08:13:09.651, Tesla T4, 12171 MiB, 15360 MiB, 100 %
2026/10/01 08:13:10.653, Tesla T4, 12171 MiB, 15360 MiB, 100 %
2026/10/01 08:13:11.657, Tesla T4, 12171 MiB, 15360 MiB, 100 %
2026/10/01 08:13:12.662, Tesla T4, 12171 MiB, 15360 MiB, 100 %
2026/10/01 08:13:13.666, Tesla T4, 12171 MiB, 15360 MiB, 100 %
2026/10/01 08:13:14.668, Tesla T4, 12171 MiB, 15360 MiB, 100 %
2026/10/01 08:13:15.670, Tesla T4, 12171 MiB, 15360 MiB, 100 %
2026/10/01 08:13:16.672, Tesla T4, 12171 MiB, 15360 MiB, 100 %
2026/10/01 08:13:17.673, Tesla T4, 12171 MiB, 15360 MiB, 100 %
2026/10/01 08:13:18.675, Tesla T4, 12171 MiB, 15360 MiB, 100 %
2026/10/01 08:13:19.678, Tesla T4, 12171 MiB, 15360 MiB, 87 %
2026/10/01 08:13:20.680, Tesla T4, 12171 MiB, 15360 MiB, 98 %
2026/10/01 08:13:21.682, Tesla T4, 12171 MiB, 15360 MiB, 100 %
2026/10/01 08:13:22.684, Tesla T4, 12171 MiB, 15360 MiB, 100 %
2026/10/01 08:13:23.685, Tesla T4, 12171 MiB, 15360 MiB, 100 %
2026/10/01 08:13:24.693, Tesla T4, 12171 MiB, 15360 MiB, 100 %
2026/10/01 08:13:25.695, Tesla T4, 12171 MiB, 15360 MiB, 100 %
2026/10/01 08:13:26.696, Tesla T4, 12171 MiB, 15360 MiB, 98 %
2026/10/01 08:13:27.698, Tesla T4, 12171 MiB, 15360 MiB, 100 %
2026/10/01 08:13:28.701, Tesla T4, 12171 MiB, 15360 MiB, 100 %
2026/10/01 08:13:29.704, Tesla T4, 12171 MiB, 15360 MiB, 100 %
2026/10/01 08:13:30.706, Tesla T4, 12171 MiB, 15360 MiB, 97 %
2026/10/01 08:13:31.709, Tesla T4, 12171 MiB, 15360 MiB, 100 %
2026/10/01 08:13:32.711, Tesla T4, 12171 MiB, 15360 MiB, 98 %
2026/10/01 08:13:33.714, Tesla T4, 12171 MiB, 15360 MiB, 100 %
2026/10/01 08:13:34.715, Tesla T4, 12171 MiB, 15360 MiB, 100 %
2026/10/01 08:13:35.718, Tesla T4, 12171 MiB, 15360 MiB, 99 %
2026/10/01 08:13:36.720, Tesla T4, 12171 MiB, 15360 MiB, 100 %
2026/10/01 08:13:37.725, Tesla T4, 12171 MiB, 15360 MiB, 100 %
2026/10/01 08:13:38.730, Tesla T4, 12171 MiB, 15360 MiB, 100 %
2026/10/01 08:13:39.731, Tesla T4, 12171 MiB, 15360 MiB, 100 %
2026/10/01 08:13:40.734, Tesla T4, 12171 MiB, 15360 MiB, 94 %
2026/10/01 08:13:41.735, Tesla T4, 12171 MiB, 15360 MiB, 100 %
2026/10/01 08:13:42.737, Tesla T4, 12171 MiB, 15360 MiB, 100 %
2026/10/01 08:13:43.739, Tesla T4, 12171 MiB, 15360 MiB, 100 %
2026/10/01 08:13:44.741, Tesla T4, 12171 MiB, 15360 MiB, 100 %
2026/10/01 08:13:45.743, Tesla T4, 12171 MiB, 15360 MiB, 91 %
2026/10/01 08:13:46.745, Tesla T4, 12171 MiB, 15360 MiB, 98 %
2026/10/01 08:13:47.746, Tesla T4, 12171 MiB, 15360 MiB, 100 %
2026/10/01 08:13:48.749, Tesla T4, 12171 MiB, 15360 MiB, 100 %
2026/10/01 08:13:49.750, Tesla T4, 12171 MiB, 15360 MiB, 96 %
2026/10/01 08:13:50.758, Tesla T4, 12171 MiB, 15360 MiB, 97 %
2026/10/01 08:13:51.763, Tesla T4, 12171 MiB, 15360 MiB, 83 %
2026/10/01 08:13:52.765, Tesla T4, 12171 MiB, 15360 MiB, 100 %
2026/10/01 08:13:53.768, Tesla T4, 12171 MiB, 15360 MiB, 100 %
2026/10/01 08:13:54.771, Tesla T4, 12171 MiB, 15360 MiB, 0 %
2026/10/01 08:13:57.516, Tesla T4, 12171 MiB, 15360 MiB, 0 %
2026/10/01 08:13:58.518, Tesla T4, 12171 MiB, 15360 MiB, 0 %
2026/10/01 08:13:59.519, Tesla T4, 12171 MiB, 15360 MiB, 0 %
2026/10/01 08:14:00.522, Tesla T4, 12171 MiB, 15360 MiB, 0 %
2026/10/01 08:14:01.523, Tesla T4, 12171 MiB, 15360 MiB, 0 %
2026/10/01 08:14:02.527, Tesla T4, 12171 MiB, 15360 MiB, 0 %
2026/10/01 08:14:03.531, Tesla T4, 12171 MiB, 15360 MiB, 0 %
2026/10/01 08:14:04.532, Tesla T4, 12171 MiB, 15360 MiB, 0 %
2026/10/01 08:14:05.534, Tesla T4, 12171 MiB, 15360 MiB, 0 %
2026/10/01 08:14:06.535, Tesla T4, 12171 MiB, 15360 MiB, 0 %
2026/10/01 08:14:07.537, Tesla T4, 12171 MiB, 15360 MiB, 0 %
2026/10/01 08:14:08.538, Tesla T4, 12171 MiB, 15360 MiB, 0 %
2026/10/01 08:14:09.539, Tesla T4, 12171 MiB, 15360 MiB, 0 %
2026/10/01 08:14:14.521, Tesla T4, 12171 MiB, 15360 MiB, 0 %
2026/10/01 08:14:15.522, Tesla T4, 12171 MiB, 15360 MiB, 0 %
2026/10/01 08:14:16.524, Tesla T4, 12171 MiB, 15360 MiB, 0 %
2026/10/01 08:14:17.525, Tesla T4, 12171 MiB, 15360 MiB, 0 %
2026/10/01 08:14:18.527, Tesla T4, 12171 MiB, 15360 MiB, 0 %
2026/10/01 08:14:19.528, Tesla T4, 12171 MiB, 15360 MiB, 0 %
2026/10/01 08:14:20.535, Tesla T4, 12171 MiB, 15360 MiB, 0 %
2026/10/01 08:14:21.536, Tesla T4, 12171 MiB, 15360 MiB, 0 %
2026/10/01 08:14:22.538, Tesla T4, 12171 MiB, 15360 MiB, 0 %
2026/10/01 08:14:23.540, Tesla T4, 12171 MiB, 15360 MiB, 0 %
2026/10/01 08:14:24.542, Tesla T4, 12171 MiB, 15360 MiB, 0 %
2026/10/01 08:14:25.553, Tesla T4, 12171 MiB, 15360 MiB, 3 %
2026/10/01 08:14:26.555, Tesla T4, 12171 MiB, 15360 MiB, 0 %
2026/10/01 08:14:27.556, Tesla T4, 12171 MiB, 15360 MiB, 0 %
2026/10/01 08:14:28.557, Tesla T4, 12171 MiB, 15360 MiB, 0 %
2026/10/01 08:14:29.559, Tesla T4, 12171 MiB, 15360 MiB, 0 %
2026/10/01 08:14:30.560, Tesla T4, 12171 MiB, 15360 MiB, 0 %
2026/10/01 08:14:31.563, Tesla T4, 12171 MiB, 15360 MiB, 0 %
2026/10/01 08:14:32.564, Tesla T4, 12171 MiB, 15360 MiB, 0 %
2026/10/01 08:14:33.566, Tesla T4, 12171 MiB, 15360 MiB, 0 %
2026/10/01 08:14:34.567, Tesla T4, 12171 MiB, 15360 MiB, 0 %
2026/10/01 08:14:35.569, Tesla T4, 12171 MiB, 15360 MiB, 0 %
2026/10/01 08:14:36.570, Tesla T4, 12171 MiB, 15360 MiB, 0 %
2026/10/01 08:14:37.572, Tesla T4, 12171 MiB, 15360 MiB, 0 %
2026/10/01 08:14:38.573, Tesla T4, 12171 MiB, 15360 MiB, 0 %
2026/10/01 08:14:39.574, Tesla T4, 12171 MiB, 15360 MiB, 0 %
2026/10/01 08:14:40.576, Tesla T4, 12171 MiB, 15360 MiB, 0 %
2026/10/01 08:14:41.751, Tesla T4, 12171 MiB, 15360 MiB, 0 %
2026/10/01 08:14:42.752, Tesla T4, 12171 MiB, 15360 MiB, 0 %
2026/10/01 08:14:43.754, Tesla T4, 12171 MiB, 15360 MiB, 0 %
2026/10/01 08:14:44.755, Tesla T4, 12171 MiB, 15360 MiB, 0 %
2026/10/01 08:14:45.757, Tesla T4, 12171 MiB, 15360 MiB, 0 %
2026/10/01 08:14:46.758, Tesla T4, 12171 MiB, 15360 MiB, 0 %
2026/10/01 08:14:47.877, Tesla T4, 12171 MiB, 15360 MiB, 0 %
2026/10/01 08:14:48.878, Tesla T4, 12171 MiB, 15360 MiB, 0 %
2026/10/01 08:14:49.880, Tesla T4, 12171 MiB, 15360 MiB, 0 %
2026/10/01 08:14:50.881, Tesla T4, 12171 MiB, 15360 MiB, 0 %
2026/10/01 08:14:51.883, Tesla T4, 12171 MiB, 15360 MiB, 0 %
2026/10/01 08:14:52.884, Tesla T4, 12171 MiB, 15360 MiB, 0 %
2026/10/01 08:14:53.886, Tesla T4, 12171 MiB, 15360 MiB, 0 %
2026/10/01 08:14:54.887, Tesla T4, 12171 MiB, 15360 MiB, 0 %
2026/10/01 08:14:55.889, Tesla T4, 12171 MiB, 15360 MiB, 0 %
2026/10/01 08:14:56.890, Tesla T4, 12171 MiB, 15360 MiB, 0 %
2026/10/01 08:14:58.109, Tesla T4, 12171 MiB, 15360 MiB, 0 %
2026/10/01 08:14:59.110, Tesla T4, 12171 MiB, 15360 MiB, 0 %
2026/10/01 08:15:00.112, Tesla T4, 12171 MiB, 15360 MiB, 0 %
2026/10/01 08:15:01.113, Tesla T4, 12171 MiB, 15360 MiB, 0 %
2026/10/01 08:15:02.115, Tesla T4, 12171 MiB, 15360 MiB, 0 %
2026/10/01 08:15:03.116, Tesla T4, 12171 MiB, 15360 MiB, 0 %
2026/10/01 08:15:04.118, Tesla T4, 12171 MiB, 15360 MiB, 0 %
2026/10/01 08:15:05.119, Tesla T4, 12171 MiB, 15360 MiB, 0 %
2026/10/01 08:15:06.121, Tesla T4, 12171 MiB, 15360 MiB, 0 %
2026/10/01 08:15:07.122, Tesla T4, 12171 MiB, 15360 MiB, 0 %
2026/10/01 08:15:08.124, Tesla T4, 12171 MiB, 15360 MiB, 0 %
2026/10/01 08:15:09.126, Tesla T4, 12171 MiB, 15360 MiB, 0 %
2026/10/01 08:15:10.129, Tesla T4, 12171 MiB, 15360 MiB, 0 %
2026/10/01 08:15:11.130, Tesla T4, 12171 MiB, 15360 MiB, 0 %
2026/10/01 08:15:12.132, Tesla T4, 12171 MiB, 15360 MiB, 0 %
2026/10/01 08:15:13.133, Tesla T4, 12171 MiB, 15360 MiB, 0 %
2026/10/01 08:15:14.136, Tesla T4, 12171 MiB, 15360 MiB, 0 %
2026/10/01 08:15:15.137, Tesla T4, 12171 MiB, 15360 MiB, 0 %
2026/10/01 08:15:16.139, Tesla T4, 12171 MiB, 15360 MiB, 0 %
2026/10/01 08:15:17.140, Tesla T4, 12171 MiB, 15360 MiB, 0 %
2026/10/01 08:15:18.142, Tesla T4, 12171 MiB, 15360 MiB, 0 %
2026/10/01 08:15:19.144, Tesla T4, 12171 MiB, 15360 MiB, 0 %
2026/10/01 08:15:20.146, Tesla T4, 12171 MiB, 15360 MiB, 0 %
2026/10/01 08:15:21.147, Tesla T4, 12171 MiB, 15360 MiB, 0 %
2026/10/01 08:15:22.149, Tesla T4, 12171 MiB, 15360 MiB, 0 %
2026/10/01 08:15:25.228, Tesla T4, 12171 MiB, 15360 MiB, 0 %
2026/10/01 08:15:26.255, Tesla T4, 12171 MiB, 15360 MiB, 0 %
2026/10/01 08:15:27.286, Tesla T4, 12171 MiB, 15360 MiB, 0 %
2026/10/01 08:15:28.287, Tesla T4, 12171 MiB, 15360 MiB, 0 %
2026/10/01 08:15:29.322, Tesla T4, 12171 MiB, 15360 MiB, 0 %
2026/10/01 08:15:30.353, Tesla T4, 12171 MiB, 15360 MiB, 0 %
2026/10/01 08:15:31.384, Tesla T4, 12171 MiB, 15360 MiB, 0 %
2026/10/01 08:15:32.385, Tesla T4, 12171 MiB, 15360 MiB, 0 %
2026/10/01 08:15:33.401, Tesla T4, 12171 MiB, 15360 MiB, 0 %
2026/10/01 08:15:34.420, Tesla T4, 12171 MiB, 15360 MiB, 0 %
2026/10/01 08:15:35.433, Tesla T4, 12171 MiB, 15360 MiB, 0 %
2026/10/01 08:15:36.447, Tesla T4, 12171 MiB, 15360 MiB, 0 %
2026/10/01 08:15:37.460, Tesla T4, 12171 MiB, 15360 MiB, 0 %
2026/10/01 08:15:38.476, Tesla T4, 12171 MiB, 15360 MiB, 0 %
2026/10/01 08:15:39.492, Tesla T4, 12171 MiB, 15360 MiB, 0 %
2026/10/01 08:15:40.493, Tesla T4, 12171 MiB, 15360 MiB, 0 %
2026/10/01 08:15:41.496, Tesla T4, 12171 MiB, 15360 MiB, 0 %
2026/10/01 08:15:42.511, Tesla T4, 12171 MiB, 15360 MiB, 0 %
2026/10/01 08:15:43.526, Tesla T4, 12171 MiB, 15360 MiB, 0 %
2026/10/01 08:15:44.735, Tesla T4, 12171 MiB, 15360 MiB, 0 %
2026/10/01 08:15:45.736, Tesla T4, 12171 MiB, 15360 MiB, 0 %
2026/10/01 08:15:46.738, Tesla T4, 12171 MiB, 15360 MiB, 0 %
2026/10/01 08:15:47.784, Tesla T4, 12171 MiB, 15360 MiB, 0 %
2026/10/01 08:15:48.826, Tesla T4, 12171 MiB, 15360 MiB, 0 %
2026/10/01 08:15:49.844, Tesla T4, 12171 MiB, 15360 MiB, 0 %
2026/10/01 08:15:51.708, Tesla T4, 12171 MiB, 15360 MiB, 0 %
2026/10/01 08:15:52.709, Tesla T4, 12171 MiB, 15360 MiB, 0 %
2026/10/01 08:15:53.711, Tesla T4, 12171 MiB, 15360 MiB, 0 %
2026/10/01 08:15:54.712, Tesla T4, 12171 MiB, 15360 MiB, 0 %
2026/10/01 08:15:55.714, Tesla T4, 12171 MiB, 15360 MiB, 0 %
2026/10/01 08:15:56.715, Tesla T4, 12171 MiB, 15360 MiB, 0 %
2026/10/01 08:15:57.717, Tesla T4, 12171 MiB, 15360 MiB, 0 %
2026/10/01 08:15:58.718, Tesla T4, 12171 MiB, 15360 MiB, 0 %
2026/10/01 08:15:59.721, Tesla T4, 12171 MiB, 15360 MiB, 0 %
2026/10/01 08:16:01.409, Tesla T4, 12171 MiB, 15360 MiB, 0 %
2026/10/01 08:16:02.410, Tesla T4, 12171 MiB, 15360 MiB, 0 %
2026/10/01 08:16:03.412, Tesla T4, 12171 MiB, 15360 MiB, 0 %
2026/10/01 08:16:04.413, Tesla T4, 12171 MiB, 15360 MiB, 0 %
2026/10/01 08:16:05.415, Tesla T4, 12171 MiB, 15360 MiB, 0 %
2026/10/01 08:16:06.416, Tesla T4, 12171 MiB, 15360 MiB, 0 %
2026/10/01 08:16:07.429, Tesla T4, 12171 MiB, 15360 MiB, 0 %
2026/10/01 08:16:08.430, Tesla T4, 12171 MiB, 15360 MiB, 0 %
2026/10/01 08:16:09.432, Tesla T4, 12171 MiB, 15360 MiB, 0 %
2026/10/01 08:16:10.651, Tesla T4, 12171 MiB, 15360 MiB, 0 %
2026/10/01 08:16:11.652, Tesla T4, 12171 MiB, 15360 MiB, 0 %
2026/10/01 08:16:13.669, Tesla T4, 12171 MiB, 15360 MiB, 0 %
2026/10/01 08:16:14.694, Tesla T4, 12171 MiB, 15360 MiB, 0 %
2026/10/01 08:16:15.719, Tesla T4, 12171 MiB, 15360 MiB, 0 %
2026/10/01 08:16:16.720, Tesla T4, 12171 MiB, 15360 MiB, 0 %
2026/10/01 08:16:17.722, Tesla T4, 12171 MiB, 15360 MiB, 0 %
2026/10/01 08:16:18.735, Tesla T4, 12171 MiB, 15360 MiB, 0 %
2026/10/01 08:16:19.748, Tesla T4, 12171 MiB, 15360 MiB, 0 %
2026/10/01 08:16:20.749, Tesla T4, 12171 MiB, 15360 MiB, 0 %
2026/10/01 08:16:21.751, Tesla T4, 12171 MiB, 15360 MiB, 0 %
2026/10/01 08:16:22.776, Tesla T4, 12171 MiB, 15360 MiB, 0 %
2026/10/01 08:16:23.801, Tesla T4, 12171 MiB, 15360 MiB, 0 %
2026/10/01 08:16:24.818, Tesla T4, 12171 MiB, 15360 MiB, 0 %
2026/10/01 08:16:25.831, Tesla T4, 12171 MiB, 15360 MiB, 0 %
2026/10/01 08:16:26.846, Tesla T4, 12171 MiB, 15360 MiB, 0 %
2026/10/01 08:16:27.859, Tesla T4, 12171 MiB, 15360 MiB, 0 %
2026/10/01 08:16:28.860, Tesla T4, 12171 MiB, 15360 MiB, 0 %
2026/10/01 08:16:29.862, Tesla T4, 12171 MiB, 15360 MiB, 0 %
2026/10/01 08:16:30.893, Tesla T4, 12171 MiB, 15360 MiB, 0 %
2026/10/01 08:16:31.924, Tesla T4, 12171 MiB, 15360 MiB, 0 %
2026/10/01 08:16:32.955, Tesla T4, 12171 MiB, 15360 MiB, 0 %
2026/10/01 08:16:33.992, Tesla T4, 12171 MiB, 15360 MiB, 0 %
2026/10/01 08:16:34.993, Tesla T4, 12171 MiB, 15360 MiB, 0 %
2026/10/01 08:16:35.996, Tesla T4, 12171 MiB, 15360 MiB, 0 %
2026/10/01 08:16:37.041, Tesla T4, 12171 MiB, 15360 MiB, 0 %
2026/10/01 08:16:38.070, Tesla T4, 12171 MiB, 15360 MiB, 0 %
2026/10/01 08:16:39.071, Tesla T4, 12171 MiB, 15360 MiB, 0 %
2026/10/01 08:16:40.073, Tesla T4, 12171 MiB, 15360 MiB, 0 %
2026/10/01 08:16:41.074, Tesla T4, 12171 MiB, 15360 MiB, 0 %
2026/10/01 08:16:42.100, Tesla T4, 12171 MiB, 15360 MiB, 0 %
2026/10/01 08:16:43.125, Tesla T4, 12171 MiB, 15360 MiB, 0 %
2026/10/01 08:16:44.282, Tesla T4, 12171 MiB, 15360 MiB, 0 %
2026/10/01 08:16:45.826, Tesla T4, 12171 MiB, 15360 MiB, 0 %
2026/10/01 08:16:46.857, Tesla T4, 12171 MiB, 15360 MiB, 0 %
2026/10/01 08:16:48.130, Tesla T4, 12171 MiB, 15360 MiB, 0 %
2026/10/01 08:16:49.343, Tesla T4, 12171 MiB, 15360 MiB, 0 %
2026/10/01 08:16:50.356, Tesla T4, 12171 MiB, 15360 MiB, 0 %
2026/10/01 08:16:51.357, Tesla T4, 12171 MiB, 15360 MiB, 0 %
2026/10/01 08:16:52.359, Tesla T4, 12171 MiB, 15360 MiB, 0 %
2026/10/01 08:16:53.360, Tesla T4, 12171 MiB, 15360 MiB, 0 %
2026/10/01 08:16:54.362, Tesla T4, 12171 MiB, 15360 MiB, 0 %
2026/10/01 08:16:55.363, Tesla T4, 12171 MiB, 15360 MiB, 0 %
2026/10/01 08:16:56.364, Tesla T4, 12171 MiB, 15360 MiB, 0 %
2026/10/01 08:16:57.366, Tesla T4, 12171 MiB, 15360 MiB, 0 %
2026/10/01 08:16:58.367, Tesla T4, 12171 MiB, 15360 MiB, 0 %
2026/10/01 08:16:59.369, Tesla T4, 12171 MiB, 15360 MiB, 0 %
2026/10/01 08:17:00.373, Tesla T4, 12171 MiB, 15360 MiB, 0 %
2026/10/01 08:17:01.376, Tesla T4, 12171 MiB, 15360 MiB, 0 %
2026/10/01 08:17:02.388, Tesla T4, 12171 MiB, 15360 MiB, 0 %
2026/10/01 08:17:03.391, Tesla T4, 12171 MiB, 15360 MiB, 0 %
2026/10/01 08:17:04.393, Tesla T4, 12171 MiB, 15360 MiB, 0 %
2026/10/01 08:17:05.398, Tesla T4, 0 MiB, 15360 MiB, 80 %
